Description,Type,Gym
L F Achieve Elliptical 95XS,Equipment,Wilson
L F Achieve Elliptical 95XS,Equipment,Wilson
L F Achieve Elliptical 95XS,Equipment,Wilson
L F Achieve Elliptical 95XS,Equipment,Wilson
Elevation Series Treadmill,Equipment,Wilson
Elevation Series Treadmill,Equipment,Wilson
Elevation Series Treadmill,Equipment,Wilson
Elevation Series Treadmill,Equipment,Wilson
Jacobs Ladder,Equipment,Wilson
Precor Stretch Trainer,Equipment,Wilson
Elevation Series Treadmill,Equipment,Wilson
Elevation Series Treadmill,Equipment,Wilson
Elevation Series Treadmill,Equipment,Wilson
Octane XT4700,Equipment,Wilson
Octane XTONE,Equipment,Wilson
OCTANE XT4700,Equipment,Wilson
OCTANE XT4700,Equipment,Wilson
95R Recumbent Bike w Explorer Console,Equipment,Wilson
95R Recumbent Bike w Explorer Console,Equipment,Wilson
95R Recumbent Bike w Explorer Console,Equipment,Wilson
95R Recumbent Bike w Explorer Console,Equipment,Wilson
95R Recumbent Bike w Explorer Console,Equipment,Wilson
95R Recumbent Bike w Explorer Console,Equipment,Wilson
OCTANE xRide s/n L1706PA00771-01,Equipment,Wilson
Elevation Series Treadmill,Equipment,Wilson
L F Achieve Elliptical 95XS,Equipment,Wilson
Elevation Series Treadmill,Equipment,Wilson
L F Achieve Elliptical 95XS,Equipment,Wilson
Elevation Series Treadmill,Equipment,Wilson
L F Achieve Elliptical 95XS,Equipment,Wilson
Elevation Series Treadmill,Equipment,Wilson
Concept 2 Rower,Equipment,Wilson
Concept 2 Rower,Equipment,Wilson
Elevation Series Treadmill,Equipment,Wilson
Elevation Series Treadmill,Equipment,Wilson
Octane XTONE,Equipment,Wilson
L F Achieve Elliptical 95XS,Equipment,Wilson
Octane XT4700,Equipment,Wilson
8 Series Climber,Equipment,Wilson
OCTANE XT4700,Equipment,Wilson
8 Series Climber,Equipment,Wilson
OCTANE XT4700,Equipment,Wilson
Octane XTOne,Equipment,Wilson
FR-E520 True Stretch,Equipment,Wilson
Integrity Series Upright Lifecycle Bike,Equipment,Wilson
Integrity Series Upright Lifecycle Bike,Equipment,Wilson
95C Upright Bike with Explorer Console,Equipment,Wilson
95C Upright Bike with Explorer Console,Equipment,Wilson
95C Upright Bike with Explorer Console,Equipment,Wilson
95C Upright Bike with Explorer Console,Equipment,Wilson
95C Upright Bike with Explorer Console,Equipment,Wilson
95C Upright Bike with Explorer Console,Equipment,Wilson
95C Upright Bike with Explorer Console,Equipment,Wilson
95C Upright Bike with Explorer Console,Equipment,Wilson
Octane Fitness ZR8000 Free Runner,Equipment,Wilson
Octane Fitness ZR8000 Free Runner,Equipment,Wilson
L F Achieve Elliptical 95XS,Equipment,Wilson
Life Fitness Stairmaster,Equipment,Wilson
INTENZA 550CI,Equipment,Wilson
Life Fitness Power Mill,Equipment,Wilson
Life Fitness Power Mill,Equipment,Wilson
Elevation Series Treadmill,Equipment,Wilson
Elevation Series Treadmill,Equipment,Wilson
Elevation Series Treadmill,Equipment,Wilson
Elevation Series Treadmill,Equipment,Wilson
IC7,Equipment,Wilson
IC7,Equipment,Wilson
SCIFIT Systems,Equipment,Wilson
Wilson Multipurpose 110,Space,Wilson
Wilson Multipurpose 125,Space,Wilson
Functional Training Space,Space,Wilson
Racquetball Court,Space,Wilson
Spin Room,Space,Wilson
Basketball Court 1,Space,Wilson
Basketball Court 2,Space,Wilson
Basketball Court 3,Space,Wilson
Track,Space,Wilson
Classroom 018,Space,Wilson
Classroom 020,Space,Wilson
Climbing Wall,Space,Wilson
Multipurpose Room,Space,Brodie
Upper Courts 1,Space,Brodie
Lower Courts 1,Space,Brodie
Lower Courts 2,Space,Brodie
Pool,Space,Brodie
Classroom 208,Space,Brodie
Mind and Body Studio,Space,Brodie
Track,Space,Brodie
Life Fitness 95XS Elliptical,Equipment,Brodie
Life Fitness 95XS Elliptical,Equipment,Brodie
Stairmaster,Equipment,Brodie
Life Fitness - Integrity CLSC Upright Bike,Equipment,Brodie
Life Fitness Recumbent Bike 95Rxps,Equipment,Brodie
Life Fitness Recumbent Bike 95Rxps,Equipment,Brodie
Life Fitness - Integrity CLSC Upright Bike,Equipment,Brodie
Life Fitness Upright Bike 95CXPS,Equipment,Brodie
Life Fitness Upright Bike 95CXPS,Equipment,Brodie
Concept II Rower,Equipment,Brodie
Concept II Rower,Equipment,Brodie
Life Fitness - Integrity CLSC Upright Bike,Equipment,Brodie
IC7,Equipment,Brodie
Octane XT4700,Equipment,Brodie
Octane XTOne,Equipment,Brodie
Life Fitness Treadmill,Equipment,Brodie
Life Fitness Treadmill,Equipment,Brodie
Life Fitness Treadmill,Equipment,Brodie
Life Fitness Treadmill,Equipment,Brodie
Life Fitness Treadmill,Equipment,Brodie
Octane Pro4700,Equipment,Brodie
Octane XT4700,Equipment,Brodie
Octane Pro4700,Equipment,Brodie
Octane Pro4700,Equipment,Brodie
Life Fitness Treadmill,Equipment,Brodie
Octane Pro4700,Equipment,Brodie
Octane xRide,Equipment,Brodie
Octane XT4700,Equipment,Brodie
Octane xRide,Equipment,Brodie
Octane Pro4700,Equipment,Brodie
SCIFIT Systems,Equipment,Brodie
